Model,MSE
LR,2.657867957
SVM,1.562524066
RF,0.396801471
