model,VARIANCE
LR,0.15885419
SVM,0.546958159
RF,0.884428697
